-- MySQL dump 10.13  Distrib 5.7.17, for Win64 (x86_64)
--
-- Host: 127.0.0.1    Database: restaurant
-- ------------------------------------------------------
-- Server version	5.7.20-log

/*!40101 SET @OLD_CHARACTER_SET_CLIENT=@@CHARACTER_SET_CLIENT */;
/*!40101 SET @OLD_CHARACTER_SET_RESULTS=@@CHARACTER_SET_RESULTS */;
/*!40101 SET @OLD_COLLATION_CONNECTION=@@COLLATION_CONNECTION */;
/*!40101 SET NAMES utf8 */;
/*!40103 SET @OLD_TIME_ZONE=@@TIME_ZONE */;
/*!40103 SET TIME_ZONE='+00:00' */;
/*!40014 SET @OLD_UNIQUE_CHECKS=@@UNIQUE_CHECKS, UNIQUE_CHECKS=0 */;
/*!40014 SET @OLD_FOREIGN_KEY_CHECKS=@@FOREIGN_KEY_CHECKS, FOREIGN_KEY_CHECKS=0 */;
/*!40101 SET @OLD_SQL_MODE=@@SQL_MODE, SQL_MODE='NO_AUTO_VALUE_ON_ZERO' */;
/*!40111 SET @OLD_SQL_NOTES=@@SQL_NOTES, SQL_NOTES=0 */;

--
-- Table structure for table `bill`
--

DROP TABLE IF EXISTS `bill`;
/*!40101 SET @saved_cs_client     = @@character_set_client */;
/*!40101 SET character_set_client = utf8 */;
CREATE TABLE `bill` (
  `bill_id` int(11) NOT NULL,
  `order_id` int(11) NOT NULL,
  `method_of_payment` varchar(30) DEFAULT NULL,
  `total_amount` decimal(6,2) DEFAULT NULL,
  PRIMARY KEY (`bill_id`),
  KEY `forkey3` (`order_id`),
  CONSTRAINT `forkey3` FOREIGN KEY (`order_id`) REFERENCES `orders` (`order_id`)
) ENGINE=InnoDB DEFAULT CHARSET=utf8;
/*!40101 SET character_set_client = @saved_cs_client */;

--
-- Dumping data for table `bill`
--

LOCK TABLES `bill` WRITE;
/*!40000 ALTER TABLE `bill` DISABLE KEYS */;
INSERT INTO `bill` VALUES (1,1,'cash',0.00),(2,2,'cash',0.00),(3,3,'card',0.00),(4,4,'card',0.00),(5,5,'cash',0.00),(6,6,'card',0.00),(7,7,'cash',0.00);
/*!40000 ALTER TABLE `bill` ENABLE KEYS */;
UNLOCK TABLES;

--
-- Table structure for table `customer`
--

DROP TABLE IF EXISTS `customer`;
/*!40101 SET @saved_cs_client     = @@character_set_client */;
/*!40101 SET character_set_client = utf8 */;
CREATE TABLE `customer` (
  `cust_id` int(11) NOT NULL AUTO_INCREMENT,
  `cust_name` varchar(30) DEFAULT NULL,
  `dob` date DEFAULT NULL,
  `address` varchar(30) DEFAULT NULL,
  `gender` char(1) DEFAULT NULL,
  PRIMARY KEY (`cust_id`)
) ENGINE=InnoDB AUTO_INCREMENT=6 DEFAULT CHARSET=utf8;
/*!40101 SET character_set_client = @saved_cs_client */;

--
-- Dumping data for table `customer`
--

LOCK TABLES `customer` WRITE;
/*!40000 ALTER TABLE `customer` DISABLE KEYS */;
INSERT INTO `customer` VALUES (1,'david','1997-01-12','ferret street','M'),(2,'daisy','1995-03-15','fer street','F'),(3,'dalmia','1989-02-07','park street','M'),(4,'disha','1993-05-19','k2 street','F'),(5,'dino','1994-11-22','tally ho street','M');
/*!40000 ALTER TABLE `customer` ENABLE KEYS */;
UNLOCK TABLES;

--
-- Table structure for table `item`
--

DROP TABLE IF EXISTS `item`;
/*!40101 SET @saved_cs_client     = @@character_set_client */;
/*!40101 SET character_set_client = utf8 */;
CREATE TABLE `item` (
  `item_id` int(11) NOT NULL,
  `order_id` int(11) NOT NULL,
  `quantity` int(11) NOT NULL,
  PRIMARY KEY (`item_id`,`order_id`),
  KEY `f2_idx` (`order_id`),
  CONSTRAINT `f1` FOREIGN KEY (`item_id`) REFERENCES `menu` (`item_id`) ON DELETE CASCADE ON UPDATE CASCADE,
  CONSTRAINT `f2` FOREIGN KEY (`order_id`) REFERENCES `orders` (`order_id`) ON DELETE CASCADE ON UPDATE CASCADE
) ENGINE=InnoDB DEFAULT CHARSET=utf8;
/*!40101 SET character_set_client = @saved_cs_client */;

--
-- Dumping data for table `item`
--

LOCK TABLES `item` WRITE;
/*!40000 ALTER TABLE `item` DISABLE KEYS */;
INSERT INTO `item` VALUES (1,1,1),(1,6,1),(2,2,1),(2,3,4),(2,6,1),(3,1,2),(3,7,3),(4,4,1),(5,4,1),(5,7,4),(6,4,1),(6,6,1),(7,1,1),(7,5,2),(7,6,1);
/*!40000 ALTER TABLE `item` ENABLE KEYS */;
UNLOCK TABLES;

--
-- Table structure for table `menu`
--

DROP TABLE IF EXISTS `menu`;
/*!40101 SET @saved_cs_client     = @@character_set_client */;
/*!40101 SET character_set_client = utf8 */;
CREATE TABLE `menu` (
  `item_id` int(11) NOT NULL AUTO_INCREMENT,
  `item_name` varchar(30) NOT NULL,
  `price` decimal(4,2) NOT NULL,
  PRIMARY KEY (`item_id`)
) ENGINE=InnoDB AUTO_INCREMENT=8 DEFAULT CHARSET=utf8;
/*!40101 SET character_set_client = @saved_cs_client */;

--
-- Dumping data for table `menu`
--

LOCK TABLES `menu` WRITE;
/*!40000 ALTER TABLE `menu` DISABLE KEYS */;
INSERT INTO `menu` VALUES (1,'chocolate milkshake',50.00),(2,'blueberry milkshake',55.00),(3,'strawberry milkshake',45.00),(4,'caramel milkshake',60.00),(5,'orange milkshake',55.00),(6,'mango milkshake',30.00),(7,'papaya milkshake',48.00);
/*!40000 ALTER TABLE `menu` ENABLE KEYS */;
UNLOCK TABLES;

--
-- Table structure for table `orders`
--

DROP TABLE IF EXISTS `orders`;
/*!40101 SET @saved_cs_client     = @@character_set_client */;
/*!40101 SET character_set_client = utf8 */;
CREATE TABLE `orders` (
  `order_id` int(11) NOT NULL AUTO_INCREMENT,
  `cust_id` int(11) DEFAULT NULL,
  `date_of_arrival` date NOT NULL,
  `time_of_arrival` time NOT NULL,
  PRIMARY KEY (`order_id`),
  KEY `forkey1` (`cust_id`),
  CONSTRAINT `forkey1` FOREIGN KEY (`cust_id`) REFERENCES `customer` (`cust_id`)
) ENGINE=InnoDB AUTO_INCREMENT=8 DEFAULT CHARSET=utf8;
/*!40101 SET character_set_client = @saved_cs_client */;

--
-- Dumping data for table `orders`
--

LOCK TABLES `orders` WRITE;
/*!40000 ALTER TABLE `orders` DISABLE KEYS */;
INSERT INTO `orders` VALUES (1,1,'2017-10-12','20:00:00'),(2,2,'2017-09-14','21:00:00'),(3,1,'2017-08-13','20:20:00'),(4,3,'2017-07-28','19:56:00'),(5,1,'2017-10-11','18:59:00'),(6,5,'2017-11-08','20:15:00'),(7,4,'2017-12-01','20:05:00');
/*!40000 ALTER TABLE `orders` ENABLE KEYS */;
UNLOCK TABLES;

--
-- Temporary view structure for view `vw_customersnapshot`
--

DROP TABLE IF EXISTS `vw_customersnapshot`;
/*!50001 DROP VIEW IF EXISTS `vw_customersnapshot`*/;
SET @saved_cs_client     = @@character_set_client;
SET character_set_client = utf8;
/*!50001 CREATE VIEW `vw_customersnapshot` AS SELECT 
 1 AS `cust_id`,
 1 AS `cust_name`,
 1 AS `dob`,
 1 AS `address`,
 1 AS `gender`*/;
SET character_set_client = @saved_cs_client;

--
-- Temporary view structure for view `vw_ordersnapshot`
--

DROP TABLE IF EXISTS `vw_ordersnapshot`;
/*!50001 DROP VIEW IF EXISTS `vw_ordersnapshot`*/;
SET @saved_cs_client     = @@character_set_client;
SET character_set_client = utf8;
/*!50001 CREATE VIEW `vw_ordersnapshot` AS SELECT 
 1 AS `item_id`,
 1 AS `item_name`,
 1 AS `price`*/;
SET character_set_client = @saved_cs_client;

--
-- Dumping routines for database 'restaurant'
--
/*!50003 DROP FUNCTION IF EXISTS `fn_GetOrderTimeElapsed` */;
/*!50003 SET @saved_cs_client      = @@character_set_client */ ;
/*!50003 SET @saved_cs_results     = @@character_set_results */ ;
/*!50003 SET @saved_col_connection = @@collation_connection */ ;
/*!50003 SET character_set_client  = utf8 */ ;
/*!50003 SET character_set_results = utf8 */ ;
/*!50003 SET collation_connection  = utf8_general_ci */ ;
/*!50003 SET @saved_sql_mode       = @@sql_mode */ ;
/*!50003 SET sql_mode              = 'STRICT_TRANS_TABLES,NO_AUTO_CREATE_USER,NO_ENGINE_SUBSTITUTION' */ ;
DELIMITER ;;
CREATE DEFINER=`root`@`localhost` FUNCTION `fn_GetOrderTimeElapsed`(customer_id int) RETURNS time
begin
	declare wait_time time;
    declare curr_time time;
    declare time_arrival time;
    
    select time_of_arrival into time_arrival
    from orders 
    where cust_id = customer_id and date_of_arrival = 
    (select date_of_arrival 
    from orders 
    where cust_id = customer_id 
    order by date_of_arrival limit 1) ;
    set curr_time = current_time();
    
    set wait_time = curr_time - time_arrival;
    return wait_time;
end ;;
DELIMITER ;
/*!50003 SET sql_mode              = @saved_sql_mode */ ;
/*!50003 SET character_set_client  = @saved_cs_client */ ;
/*!50003 SET character_set_results = @saved_cs_results */ ;
/*!50003 SET collation_connection  = @saved_col_connection */ ;
/*!50003 DROP PROCEDURE IF EXISTS `sp_GenerateBill` */;
/*!50003 SET @saved_cs_client      = @@character_set_client */ ;
/*!50003 SET @saved_cs_results     = @@character_set_results */ ;
/*!50003 SET @saved_col_connection = @@collation_connection */ ;
/*!50003 SET character_set_client  = utf8 */ ;
/*!50003 SET character_set_results = utf8 */ ;
/*!50003 SET collation_connection  = utf8_general_ci */ ;
/*!50003 SET @saved_sql_mode       = @@sql_mode */ ;
/*!50003 SET sql_mode              = 'STRICT_TRANS_TABLES,NO_AUTO_CREATE_USER,NO_ENGINE_SUBSTITUTION' */ ;
DELIMITER ;;
CREATE DEFINER=`root`@`localhost` PROCEDURE `sp_GenerateBill`(IN OrderID int , OUT BillAMT numeric(6,2))
begin
	select sum(price) into billAMT from menu m,item i where i.order_id = OrderID and m.item_id = i.item_id;
    
end ;;
DELIMITER ;
/*!50003 SET sql_mode              = @saved_sql_mode */ ;
/*!50003 SET character_set_client  = @saved_cs_client */ ;
/*!50003 SET character_set_results = @saved_cs_results */ ;
/*!50003 SET collation_connection  = @saved_col_connection */ ;
/*!50003 DROP PROCEDURE IF EXISTS `sp_GetOrder` */;
/*!50003 SET @saved_cs_client      = @@character_set_client */ ;
/*!50003 SET @saved_cs_results     = @@character_set_results */ ;
/*!50003 SET @saved_col_connection = @@collation_connection */ ;
/*!50003 SET character_set_client  = utf8 */ ;
/*!50003 SET character_set_results = utf8 */ ;
/*!50003 SET collation_connection  = utf8_general_ci */ ;
/*!50003 SET @saved_sql_mode       = @@sql_mode */ ;
/*!50003 SET sql_mode              = 'STRICT_TRANS_TABLES,NO_AUTO_CREATE_USER,NO_ENGINE_SUBSTITUTION' */ ;
DELIMITER ;;
CREATE DEFINER=`root`@`localhost` PROCEDURE `sp_GetOrder`(IN CustomerID int)
begin
	
	select i.order_id,cust_id,i.item_id,item_name,price,quantity,date_of_arrival,time_of_arrival
    from item i,orders o,menu m where o.cust_id = CustomerID and o.order_id = i.order_id and i.item_id = m.item_id;
    
end ;;
DELIMITER ;
/*!50003 SET sql_mode              = @saved_sql_mode */ ;
/*!50003 SET character_set_client  = @saved_cs_client */ ;
/*!50003 SET character_set_results = @saved_cs_results */ ;
/*!50003 SET collation_connection  = @saved_col_connection */ ;

--
-- Final view structure for view `vw_customersnapshot`
--

/*!50001 DROP VIEW IF EXISTS `vw_customersnapshot`*/;
/*!50001 SET @saved_cs_client          = @@character_set_client */;
/*!50001 SET @saved_cs_results         = @@character_set_results */;
/*!50001 SET @saved_col_connection     = @@collation_connection */;
/*!50001 SET character_set_client      = utf8 */;
/*!50001 SET character_set_results     = utf8 */;
/*!50001 SET collation_connection      = utf8_general_ci */;
/*!50001 CREATE ALGORITHM=UNDEFINED */
/*!50013 DEFINER=`root`@`localhost` SQL SECURITY DEFINER */
/*!50001 VIEW `vw_customersnapshot` AS select `customer`.`cust_id` AS `cust_id`,`customer`.`cust_name` AS `cust_name`,`customer`.`dob` AS `dob`,`customer`.`address` AS `address`,`customer`.`gender` AS `gender` from `customer` where (`customer`.`cust_id` = (select `orders`.`cust_id` from `orders` group by `orders`.`cust_id` order by count(`orders`.`cust_id`) desc limit 1)) */;
/*!50001 SET character_set_client      = @saved_cs_client */;
/*!50001 SET character_set_results     = @saved_cs_results */;
/*!50001 SET collation_connection      = @saved_col_connection */;

--
-- Final view structure for view `vw_ordersnapshot`
--

/*!50001 DROP VIEW IF EXISTS `vw_ordersnapshot`*/;
/*!50001 SET @saved_cs_client          = @@character_set_client */;
/*!50001 SET @saved_cs_results         = @@character_set_results */;
/*!50001 SET @saved_col_connection     = @@collation_connection */;
/*!50001 SET character_set_client      = utf8 */;
/*!50001 SET character_set_results     = utf8 */;
/*!50001 SET collation_connection      = utf8_general_ci */;
/*!50001 CREATE ALGORITHM=UNDEFINED */
/*!50013 DEFINER=`root`@`localhost` SQL SECURITY DEFINER */
/*!50001 VIEW `vw_ordersnapshot` AS select `menu`.`item_id` AS `item_id`,`menu`.`item_name` AS `item_name`,`menu`.`price` AS `price` from `menu` where (`menu`.`item_id` = (select `item`.`item_id` from `item` group by `item`.`item_id` order by count(`item`.`item_id`) desc limit 1)) */;
/*!50001 SET character_set_client      = @saved_cs_client */;
/*!50001 SET character_set_results     = @saved_cs_results */;
/*!50001 SET collation_connection      = @saved_col_connection */;
/*!40103 SET TIME_ZONE=@OLD_TIME_ZONE */;

/*!40101 SET SQL_MODE=@OLD_SQL_MODE */;
/*!40014 SET FOREIGN_KEY_CHECKS=@OLD_FOREIGN_KEY_CHECKS */;
/*!40014 SET UNIQUE_CHECKS=@OLD_UNIQUE_CHECKS */;
/*!40101 SET CHARACTER_SET_CLIENT=@OLD_CHARACTER_SET_CLIENT */;
/*!40101 SET CHARACTER_SET_RESULTS=@OLD_CHARACTER_SET_RESULTS */;
/*!40101 SET COLLATION_CONNECTION=@OLD_COLLATION_CONNECTION */;
/*!40111 SET SQL_NOTES=@OLD_SQL_NOTES */;

-- Dump completed on 2017-12-29  8:59:36
